<?xml version="1.0" encoding="UTF-8"?>
<project-private xmlns="http://www.netbeans.org/ns/project-private/1">
    <editor-bookmarks xmlns="http://www.netbeans.org/ns/editor-bookmarks/2" lastBookmarkId="0"/>
    <open-files xmlns="http://www.netbeans.org/ns/projectui-open-files/2">
        <group name="CLASIFICACION">
            <file>file:/C:/Users/estef/OneDrive%20-%20Universidad%20Católica%20del%20Uruguay/Documentos/UCU/TERCER%20AÑO/EDA%20ROUND%203/UT7/TAREAS%20DOMICILIARIAS/PD2-CODIGO%20BASE/TA3-CODIGO%20BASE/src/UtilGrafos.java</file>
            <file>file:/C:/Users/estef/OneDrive%20-%20Universidad%20Católica%20del%20Uruguay/Documentos/UCU/TERCER%20AÑO/EDA%20ROUND%203/UT7/TAREAS%20DOMICILIARIAS/PD2-CODIGO%20BASE/TA3-CODIGO%20BASE/src/PDConexiones.txt</file>
            <file>file:/C:/Users/estef/OneDrive%20-%20Universidad%20Católica%20del%20Uruguay/Documentos/UCU/TERCER%20AÑO/EDA%20ROUND%203/UT7/TAREAS%20DOMICILIARIAS/PD2-CODIGO%20BASE/TA3-CODIGO%20BASE/src/PD2Vertices.txt</file>
            <file>file:/C:/Users/estef/OneDrive%20-%20Universidad%20Católica%20del%20Uruguay/Documentos/UCU/TERCER%20AÑO/EDA%20ROUND%203/UT7/TAREAS%20DOMICILIARIAS/PD2-CODIGO%20BASE/TA3-CODIGO%20BASE/src/PruebaGrafo.java</file>
            <file>file:/C:/Users/estef/OneDrive%20-%20Universidad%20Católica%20del%20Uruguay/Documentos/UCU/TERCER%20AÑO/EDA%20ROUND%203/UT7/TAREAS%20DOMICILIARIAS/PD2-CODIGO%20BASE/TA3-CODIGO%20BASE/src/TGrafoDirigido.java</file>
        </group>
    </open-files>
</project-private>
